<?xml version="1.0" encoding="UTF-8"?>
<project xmlns="http://maven.apache.org/POM/4.0.0" xmlns:xsi="http://www.w3.org/2001/XMLSchema-instance" xsi:schemaLocation="http://maven.apache.org/POM/4.0.0 http://maven.apache.org/maven-v4_0_0.xsd">
  <modelVersion>4.0.0</modelVersion>
  <groupId>pe.edu.upeu</groupId>
  <artifactId>Proyecto_TiendaCalzado</artifactId>
  <version>1.0-SNAPSHOT</version>
  <build>
    <resources>
      <resource>
        <directory>${project.basedir}/src/main/resources</directory>
        <includes>
          <include>**/*</include>
        </includes>
      </resource>
      <resource>
        <targetPath>jasper</targetPath>
        <directory>${project.basedir}/jasper</directory>
        <includes>
          <include>**/*</include>
        </includes>
      </resource>
    </resources>
    <plugins>
      <plugin>
        <artifactId>maven-compiler-plugin</artifactId>
        <version>3.10.1</version>
        <configuration>
          <release>${maven.compiler.release}</release>
        </configuration>
      </plugin>
      <plugin>
        <groupId>org.openjfx</groupId>
        <artifactId>javafx-maven-plugin</artifactId>
        <version>${javafx.maven.plugin.version}</version>
        <configuration>
          <mainClass>pe.edu.upeu.sysventas.MainApp</mainClass>
        </configuration>
      </plugin>
      <plugin>
        <groupId>org.codehaus.mojo</groupId>
        <artifactId>exec-maven-plugin</artifactId>
        <version>3.1.0</version>
        <configuration>
          <mainClass>pe.edu.upeu.sysventas.MainApp</mainClass>
        </configuration>
      </plugin>
      <plugin>
        <artifactId>maven-shade-plugin</artifactId>
        <version>3.4.1</version>
        <executions>
          <execution>
            <phase>package</phase>
            <goals>
              <goal>shade</goal>
            </goals>
            <configuration>
              <transformers>
                <transformer>
                  <mainClass>pe.edu.upeu.sysventas.MainApp</mainClass>
                </transformer>
              </transformers>
              <finalName>Polleria-QR</finalName>
            </configuration>
          </execution>
        </executions>
      </plugin>
    </plugins>
  </build>
  <properties>
    <maven.compiler.release>21</maven.compiler.release>
    <javafx.platform>win</javafx.platform>
    <project.build.sourceEncoding>UTF-8</project.build.sourceEncoding>
    <javafx.version>21.0.2</javafx.version>
    <javafx.maven.plugin.version>0.0.8</javafx.maven.plugin.version>
  </properties>
</project>
